File.Name	Condition	Replicate	Label
EchB20_A.D	EchB20	A	EchB20
EchB20_B.D	EchB20	B	EchB20
EchB20_C.D	EchB20	C	EchB20
EchB21_B.D	EchB21	B	EchB21
EchB21_C.D	EchB21	C	EchB21
EchB24_A.D	EchB24	A	EchB24
EchB24_B.D	EchB24	B	EchB24
EchB24_C.D	EchB24	C	EchB24
EchMTF3985_A.D	EchMTF3985	A	EchMTF3985
EchMTF3985_B.D	EchMTF3985	B	EchMTF3985
EchMTF3985_C.D	EchMTF3985	C	EchMTF3985
EchMTF4030_A.D	EchMTF4030	A	EchMTF4030
EchMTF4030_B.D	EchMTF4030	B	EchMTF4030
EchMTF4030_C.D	EchMTF4030	C	EchMTF4030
EchMTF4428_B.D	EchMTF4428	B	EchMTF4428
EchMTF4428_C.D	EchMTF4428	C	EchMTF4428
EchMTF4607_A.D	EchMTF4607	A	EchMTF4607
EchMTF4607_B.D	EchMTF4607	B	EchMTF4607
EchMTF4607_C.D	EchMTF4607	C	EchMTF4607
EchMTF4664_A.D	EchMTF4664	A	EchMTF4664
EchMTF4664_B.D	EchMTF4664	B	EchMTF4664
EchMTF4664_C.D	EchMTF4664	C	EchMTF4664
EchPDC_B.D	EchPDC	B	EchPDC
EchT14_A.D	EchT14	A	EchT14
EchT14_B.D	EchT14	B	EchT14
EchT15_A.D	EchT15	A	EchT15
EchT15_B.D	EchT15	B	EchT15
EchT15_C.D	EchT15	C	EchT15
EchT19_A.D	EchT19	A	EchT19
EchT23_A.D	EchT23	A	EchT23
EchT23_B.D	EchT23	B	EchT23
EchT28_A.D	EchT28	A	EchT28
EchT28_B.D	EchT28	B	EchT28
EchT28_C.D	EchT28	C	EchT28
EchT30_A.D	EchT30	A	EchT30
EchT30_B.D	EchT30	B	EchT30
EchT30_C.D	EchT30	C	EchT30
EchT35_B.D	EchT35	B	EchT35
EchT35_C.D	EchT35	C	EchT35
EchT35_D.D	EchT35	D	EchT35
EchT39_A.D	EchT39	A	EchT39
EchT39_C.D	EchT39	C	EchT39
EchT39_D.D	EchT39	D	EchT39
EchT45_C.D	EchT45	C	EchT45
EchT47_A.D	EchT47	A	EchT47
EchT47_B.D	EchT47	B	EchT47
EchT47_C.D	EchT47	C	EchT47
EchT50_C.D	EchT50	C	EchT50
EchT58_B.D	EchT58	B	EchT58
EchT58_C.D	EchT58	C	EchT58
EchT60_A.D	EchT60	A	EchT60
EchT60_B.D	EchT60	B	EchT60
EchT60_C.D	EchT60	C	EchT60
EchT8_A.D	EchT8	A	EchT8
EchT8_B.D	EchT8	B	EchT8
EchT8_C.D	EchT8	C	EchT8
EchT9_A.D	EchT9	A	EchT9
EchT9_B.D	EchT9	B	EchT9
EchT9_C.D	EchT9	C	EchT9
