File.Name	Condition	Replicate	Label
B20_A.D	B20	A	B20
B20_B.D	B20	B	B20
B20_C.D	B20	C	B20
B21_B.D	B21	B	B21
B21_C.D	B21	C	B21
B24_A.D	B24	A	B24
B24_B.D	B24	B	B24
B24_C.D	B24	C	B24
MTF3985_A.D	MTF3985	A	MTF3985
MTF3985_B.D	MTF3985	B	MTF3985
MTF3985_C.D	MTF3985	C	MTF3985
MTF4030_A.D	MTF4030	A	MTF4030
MTF4030_B.D	MTF4030	B	MTF4030
MTF4030_C.D	MTF4030	C	MTF4030
MTF4428_B.D	MTF4428	B	MTF4428
MTF4428_C.D	MTF4428	C	MTF4428
MTF4607_A.D	MTF4607	A	MTF4607
MTF4607_B.D	MTF4607	B	MTF4607
MTF4607_C.D	MTF4607	C	MTF4607
MTF4664_A.D	MTF4664	A	MTF4664
MTF4664_B.D	MTF4664	B	MTF4664
MTF4664_C.D	MTF4664	C	MTF4664
PDC_B.D	PDC	B	PDC
T14_A.D	T14	A	T14
T14_B.D	T14	B	T14
T15_A.D	T15	A	T15
T15_B.D	T15	B	T15
T15_C.D	T15	C	T15
T19_A.D	T19	A	T19
T23_A.D	T23	A	T23
T23_B.D	T23	B	T23
T28_A.D	T28	A	T28
T28_B.D	T28	B	T28
T28_C.D	T28	C	T28
T30_A.D	T30	A	T30
T30_B.D	T30	B	T30
T30_C.D	T30	C	T30
T35_B.D	T35	B	T35
T35_C.D	T35	C	T35
T35_D.D	T35	D	T35
T39_A.D	T39	A	T39
T39_C.D	T39	C	T39
T39_D.D	T39	D	T39
T45_C.D	T45	C	T45
T47_A.D	T47	A	T47
T47_B.D	T47	B	T47
T47_C.D	T47	C	T47
T50_C.D	T50	C	T50
T58_B.D	T58	B	T58
T58_C.D	T58	C	T58
T60_A.D	T60	A	T60
T60_B.D	T60	B	T60
T60_C.D	T60	C	T60
T8_A.D	T8	A	T8
T8_B.D	T8	B	T8
T8_C.D	T8	C	T8
T9_A.D	T9	A	T9
T9_B.D	T9	B	T9
T9_C.D	T9	C	T9
